commodity,year,quarter,period_label,flow,value_usd,weight_kg,n_hs_codes,n_monthly_obs,weight_tonnes,price_usd_per_tonne
clinker,2010,1,2010Q1,export,125765.803,854.135,1,3,0.854135,147243.47205067115
clinker,2010,2,2010Q2,export,58629.213,369000.0,1,1,369.0,158.88675609756098
clinker,2010,3,2010Q3,export,118272.0,528.12,1,2,0.52812,223949.1024767098
clinker,2010,4,2010Q4,export,122496.0,777.795,1,3,0.777795,157491.36983395368
clinker,2011,1,2011Q1,export,84982.53,390120.0,1,3,390.12,217.8368963395878
clinker,2011,2,2011Q2,export,185129.66199999998,1031000.0,1,3,1031.0,179.56320271580987
clinker,2011,3,2011Q3,export,8873.949,49200.0,1,1,49.2,180.36481707317074
clinker,2011,4,2011Q4,export,4266.666,24000.0,1,1,24.0,177.77775
clinker,2012,1,2012Q1,export,126251.72799999999,707080.0,1,3,707.08,178.5536686089268
clinker,2012,2,2012Q2,export,263830.658,1372000.0,1,3,1372.0,192.29639795918368
clinker,2012,3,2012Q3,export,83842.584,505800.0,1,3,505.8,165.76232502965598
clinker,2012,4,2012Q4,export,74193.70999999999,432000.0,1,3,432.0,171.74469907407405
clinker,2013,1,2013Q1,export,83250.893,504000.0,1,2,504.0,165.18034325396826
clinker,2013,2,2013Q2,export,99587.761,576750.0,1,3,576.75,172.67058690940615
clinker,2013,3,2013Q3,export,64032.242999999995,351953.0,1,2,351.953,181.93407358368873
clinker,2013,4,2013Q4,export,56211.632,283800.0,1,2,283.8,198.06776603241718
clinker,2014,1,2014Q1,export,50259.600000000006,340200.0,1,2,340.2,147.73544973544975
clinker,2014,2,2014Q2,export,47289.366,294600.0,1,2,294.6,160.52059063136457
clinker,2014,3,2014Q3,export,584243.578,4073210.0,1,3,4073.21,143.4356632729469
clinker,2014,4,2014Q4,export,8935.944,72000.0,1,3,72.0,124.11033333333333
clinker,2015,1,2015Q1,export,26899.964,204006.0,1,3,204.006,131.85869043067362
clinker,2015,2,2015Q2,export,21724.234,164000.0,1,2,164.0,132.46484146341464
clinker,2015,3,2015Q3,export,34450.269,276000.0,1,3,276.0,124.81981521739131
clinker,2015,4,2015Q4,export,25911.582000000002,204000.0,1,3,204.0,127.01755882352943
clinker,2016,1,2016Q1,export,22515.65,184000.0,1,3,184.0,122.36766304347827
clinker,2016,2,2016Q2,export,35975.32,212260.0,1,3,212.26,169.4870441910864
clinker,2016,3,2016Q3,export,26008.256,182985.0,1,2,182.985,142.1332677541875
clinker,2016,4,2016Q4,export,2314.362,1420.0,1,1,1.42,1629.8323943661974
clinker,2018,3,2018Q3,export,1151834.604,30200000.0,1,1,30200.0,38.14021867549669
clinker,2019,2,2019Q2,export,4846.917,3940.0,1,1,3.94,1230.1819796954317
clinker,2019,3,2019Q3,export,4686.059,3920.0,1,1,3.92,1195.4232142857143
clinker,2020,1,2020Q1,export,1916.733,1200.0,1,1,1.2,1597.2775
clinker,2021,1,2021Q1,export,10388.025,42000.0,1,1,42.0,247.33392857142857
clinker,2021,3,2021Q3,export,13437.316,75000.0,1,1,75.0,179.16421333333335
clinker,2021,4,2021Q4,export,27468.311,63680.0,1,1,63.68,431.3491048994975
clinker,2022,2,2022Q2,export,178275.312,998514.0,1,1,998.514,178.54062336632236
clinker,2023,2,2023Q2,export,18423.113,24400.0,1,1,24.4,755.0456147540984
clinker,2023,3,2023Q3,export,95636.916,40700.0,1,2,40.7,2349.801375921376
clinker,2023,4,2023Q4,export,66327.807,28770.0,1,2,28.77,2305.4503649635035
clinker,2024,1,2024Q1,export,83054.117,50535.0,1,2,50.535,1643.4969229247058
clinker,2024,3,2024Q3,export,4657.875,2058.0,1,1,2.058,2263.3017492711374
clinker,2024,4,2024Q4,export,171121.157,623874.0,1,1,623.874,274.2880084760705
clinker,2010,1,2010Q1,import,18942489.343000002,311524.61,1,3,311.52461,60805.75574109539
clinker,2010,2,2010Q2,import,27687594.391,498438300.0,1,3,498438.3,55.54868955896848
clinker,2010,3,2010Q3,import,38017950.85,625645.435,1,3,625.645435,60765.96858730377
clinker,2010,4,2010Q4,import,20595444.12,344921.415,1,3,344.92141499999997,59710.54050094281
clinker,2011,1,2011Q1,import,25424337.621,449479204.0,1,3,449479.204,56.56399093605229
clinker,2011,2,2011Q2,import,28135915.769,494706763.0,1,3,494706.763,56.87392587555954
clinker,2011,3,2011Q3,import,26669744.331,499588980.5,1,3,499588.9805,53.38337187563327
clinker,2011,4,2011Q4,import,22421755.923,417480410.0,1,3,417480.41,53.70732466943779
clinker,2012,1,2012Q1,import,26212850.681,439833205.0,1,3,439833.205,59.59725273811467
clinker,2012,2,2012Q2,import,18780362.925,317461600.0,1,3,317461.6,59.15790421581698
clinker,2012,3,2012Q3,import,34382880.504,598291683.0,1,3,598291.683,57.46842465132514
clinker,2012,4,2012Q4,import,26385556.28,447675000.0,1,3,447675.0,58.939088133132294
clinker,2013,1,2013Q1,import,20204420.458,345325312.75,1,3,345325.31275,58.50836794181692
clinker,2013,2,2013Q2,import,25970629.509,466687000.0,1,3,466687.0,55.648924244729336
clinker,2013,3,2013Q3,import,42109463.156,792068508.0,1,3,792068.508,53.163915407175864
clinker,2013,4,2013Q4,import,36792399.534,676327560.0,1,3,676327.56,54.400266542442836
clinker,2014,1,2014Q1,import,42120587.49,778298000.0,1,3,778298.0,54.118843283677975
clinker,2014,2,2014Q2,import,44445202.539000005,779056665.0,1,3,779056.665,57.05002541631551
clinker,2014,3,2014Q3,import,39161946.96,727527743.84,1,3,727527.74384,53.82880212003655
clinker,2014,4,2014Q4,import,45109029.334,827341337.02,1,3,827341.33702,54.5228762489714
clinker,2015,1,2015Q1,import,38907787.596,757023000.0,1,3,757023.0,51.39578004367107
clinker,2015,2,2015Q2,import,50305775.513000004,948340760.0,1,3,948340.76,53.04609654550755
clinker,2015,3,2015Q3,import,44928727.668,891795765.5,1,3,891795.7655,50.38006391834566
clinker,2015,4,2015Q4,import,39234851.236,785362584.0,1,3,785362.584,49.95762726073541
clinker,2016,1,2016Q1,import,47592864.144999996,974326946.0,1,3,974326.946,48.84691359546983
clinker,2016,2,2016Q2,import,39699613.798,851426075.0,1,3,851426.075,46.62719989871112
clinker,2016,3,2016Q3,import,33376911.766,740937454.0,1,3,740937.454,45.04686810716954
clinker,2016,4,2016Q4,import,41530653.908,907305822.0,1,3,907305.822,45.7736001478011
clinker,2017,1,2017Q1,import,37922201.683,875089100.0,1,3,875089.1,43.33524630006247
clinker,2017,2,2017Q2,import,37645156.371,862704299.5899999,1,3,862704.29959,43.636222039105235
clinker,2017,3,2017Q3,import,49671733.708000004,1120264000.0,1,3,1120264.0,44.33931083030429
clinker,2017,4,2017Q4,import,31484759.075,725104100.0,1,3,725104.1,43.421019237099884
clinker,2018,1,2018Q1,import,41511266.326000005,897646232.0,1,3,897646.232,46.24457257901129
clinker,2018,2,2018Q2,import,52307475.735,1145739600.0,1,3,1145739.6,45.653895296103926
clinker,2018,3,2018Q3,import,51484804.945999995,1129810622.0,1,3,1129810.622,45.56941131856344
clinker,2018,4,2018Q4,import,45321097.671,1001542920.0,1,3,1001542.92,45.25127856827144
clinker,2019,1,2019Q1,import,41261743.941,834692263.0,1,3,834692.263,49.433480780928235
clinker,2019,2,2019Q2,import,53444584.95199999,1097385396.0,1,3,1097385.396,48.70174612019349
clinker,2019,3,2019Q3,import,56313232.617,1121346333.0,1,3,1121346.333,50.219304205813096
clinker,2019,4,2019Q4,import,46700972.88,887079000.0,1,3,887079.0,52.64578789487746
clinker,2020,1,2020Q1,import,41908059.056,867236300.0,1,3,867236.3,48.323691081657905
clinker,2020,2,2020Q2,import,35746399.007,706521100.0,1,3,706521.1,50.59494897887692
clinker,2020,3,2020Q3,import,51466526.371,1064325000.0,1,3,1064325.0,48.356025059075
clinker,2020,4,2020Q4,import,49201718.009,965502727.3,1,3,965502.7272999999,50.95968827202712
clinker,2021,1,2021Q1,import,46781753.58400001,921446750.0,1,3,921446.75,50.769893739383214
clinker,2021,2,2021Q2,import,49631685.953,1013234677.8,1,3,1013234.6778,48.98340635237979
clinker,2021,3,2021Q3,import,52356502.047000006,1056523200.0,1,3,1056523.2,49.5554683957721
clinker,2021,4,2021Q4,import,57010970.172000006,1108142320.0,1,3,1108142.32,51.44733590898325
clinker,2022,1,2022Q1,import,61145533.629,1072615600.0,1,3,1072615.6,57.006008144017294
clinker,2022,2,2022Q2,import,62618361.300000004,1160400310.0,1,3,1160400.31,53.96272369144748
clinker,2022,3,2022Q3,import,62928952.804,1139841800.0,1,3,1139841.8,55.2084971826792
clinker,2022,4,2022Q4,import,69904098.912,1176633040.0,1,3,1176633.04,59.41028046603213
clinker,2023,1,2023Q1,import,59548999.031,1002173340.0,1,3,1002173.34,59.41985947361162
clinker,2023,2,2023Q2,import,75441616.192,1257533240.0,1,3,1257533.24,59.99174717003902
clinker,2023,3,2023Q3,import,56801168.186,985141220.0,1,3,985141.22,57.65789415044475
clinker,2023,4,2023Q4,import,49995576.451000005,845435848.0,1,3,845435.848,59.13586059695922
clinker,2024,1,2024Q1,import,40266747.898,763113227.0,1,3,763113.227,52.76641325730815
clinker,2024,2,2024Q2,import,46968753.013,985205392.0,1,3,985205.392,47.67407222330752
clinker,2024,3,2024Q3,import,38556396.302,780505862.0,1,3,780505.862,49.39923987656098
clinker,2024,4,2024Q4,import,36220513.383,718955500.0,1,3,718955.5,50.37935363593435
cement,2010,1,2010Q1,export,2433801.418,10597.680999999999,3,7,10.597680999999998,229654.14962009146
cement,2010,2,2010Q2,export,1771883.918,6369333.0,4,10,6369.333,278.18986980269364
cement,2010,3,2010Q3,export,2120707.0,5177.969,4,9,5.177969,409563.4794260066
cement,2010,4,2010Q4,export,2732916.0,5400.129,4,9,5.400129,506083.465783873
cement,2011,1,2011Q1,export,2353444.594,5282813.0,4,12,5282.813,445.49080082902805
cement,2011,2,2011Q2,export,3106352.0439999998,7668432.65,4,12,7668.432650000001,405.0830444471595
cement,2011,3,2011Q3,export,2690051.069,6144100.0,4,12,6144.1,437.8267067593301
cement,2011,4,2011Q4,export,1775810.722,4241091.1,4,11,4241.0911,418.7155333682882
cement,2012,1,2012Q1,export,1627547.606,3723511.0,4,9,3723.511,437.10025457155893
cement,2012,2,2012Q2,export,1126532.472,1963481.0,4,11,1963.481,573.7424869402862
cement,2012,3,2012Q3,export,2183468.245,6306941.26,4,10,6306.94126,346.200821442247
cement,2012,4,2012Q4,export,2053451.753,8517028.51,4,11,8517.02851,241.09955139741572
cement,2013,1,2013Q1,export,1539878.287,5066289.0,4,10,5066.289,303.94600209344554
cement,2013,2,2013Q2,export,1105944.474,3836080.0,4,10,3836.08,288.30068038205667
cement,2013,3,2013Q3,export,799103.123,2873479.0,4,10,2873.479,278.0960372426595
cement,2013,4,2013Q4,export,1169880.869,2299985.86,4,10,2299.98586,508.6469831601487
cement,2014,1,2014Q1,export,726125.476,1466353.97,4,12,1466.35397,495.1911276920402
cement,2014,2,2014Q2,export,925636.044,1849467.19,4,9,1849.4671899999998,500.4879508027391
cement,2014,3,2014Q3,export,802997.958,1543586.0,4,11,1543.586,520.2158856066328
cement,2014,4,2014Q4,export,1060231.804,2488281.65,4,11,2488.28165,426.08995006654493
cement,2015,1,2015Q1,export,891191.615,3918346.41,4,11,3918.34641,227.440742024644
cement,2015,2,2015Q2,export,523757.729,1822079.0,4,11,1822.079,287.4506149294295
cement,2015,3,2015Q3,export,534246.532,1455922.0,4,8,1455.922,366.9472210736564
cement,2015,4,2015Q4,export,465572.682,1320292.3399999999,4,8,1320.2923399999997,352.62848074995276
cement,2016,1,2016Q1,export,384803.50800000003,975558.0,4,9,975.558,394.44452098183814
cement,2016,2,2016Q2,export,742956.7170000001,1960691.0,4,11,1960.691,378.92595875637727
cement,2016,3,2016Q3,export,1506113.2040000001,2965904.02,4,12,2965.90402,507.8091515584514
cement,2016,4,2016Q4,export,797427.48,2342330.74,4,12,2342.3307400000003,340.4418796979968
cement,2017,1,2017Q1,export,444160.5,1443004.232,4,11,1443.004232,307.8026315864609
cement,2017,2,2017Q2,export,781725.591,4191285.464,4,10,4191.2854640000005,186.51213278466398
cement,2017,3,2017Q3,export,911934.815,4249586.251,4,12,4249.586251,214.593788933077
cement,2017,4,2017Q4,export,912426.99,3326970.3,4,11,3326.9703,274.25161865737124
cement,2018,1,2018Q1,export,661729.007,2882222.116,4,11,2882.222116,229.58987210824662
cement,2018,2,2018Q2,export,782883.157,3511463.232,4,12,3511.463232,222.95069185562812
cement,2018,3,2018Q3,export,1192639.886,5157956.352,4,11,5157.956352,231.22333820012906
cement,2018,4,2018Q4,export,2230423.748,10349040.5,4,11,10349.0405,215.5198588700083
cement,2019,1,2019Q1,export,858493.535,2128995.482,4,10,2128.995482,403.2387772817266
cement,2019,2,2019Q2,export,937071.3300000001,3338913.0,4,11,3338.913,280.6516162595432
cement,2019,3,2019Q3,export,518133.76399999997,2988895.9,4,9,2988.8959,173.35289730231153
cement,2019,4,2019Q4,export,538948.602,2686177.0,4,10,2686.177,200.6377844795782
cement,2020,1,2020Q1,export,567606.656,2881495.52,4,10,2881.49552,196.9833553654111
cement,2020,2,2020Q2,export,279355.521,1016802.0,4,8,1016.802,274.7393504340078
cement,2020,3,2020Q3,export,221221.323,765641.98,4,8,765.64198,288.9357281584795
cement,2020,4,2020Q4,export,456040.188,1229612.3399999999,4,10,1229.61234,370.8812714094916
cement,2021,1,2021Q1,export,274504.654,1176963.46,4,10,1176.96346,233.2312457686664
cement,2021,2,2021Q2,export,424014.651,1045490.0,4,10,1045.49,405.5654774316349
cement,2021,3,2021Q3,export,991331.243,4120990.0,4,11,4120.99,240.55657572573583
cement,2021,4,2021Q4,export,383799.392,1168318.0,4,10,1168.318,328.5059307483065
cement,2022,1,2022Q1,export,1346323.241,5753941.467,3,9,5753.941467000001,233.98278357912253
cement,2022,2,2022Q2,export,378966.76399999997,1310596.04,4,10,1310.5960400000001,289.15604231491494
cement,2022,3,2022Q3,export,744941.929,3283102.0,4,10,3283.102,226.90185349099724
cement,2022,4,2022Q4,export,673522.358,2337201.46,4,11,2337.2014599999998,288.17471216195463
cement,2023,1,2023Q1,export,425586.223,1731012.4,4,12,1731.0123999999998,245.85971943355233
cement,2023,2,2023Q2,export,640305.949,2079971.21,4,9,2079.97121,307.8436595283451
cement,2023,3,2023Q3,export,849858.8640000001,2562187.0,4,10,2562.187,331.69275466622855
cement,2023,4,2023Q4,export,796357.128,2698261.4,3,9,2698.2614,295.137130894731
cement,2024,1,2024Q1,export,348247.65300000005,1275784.0,3,9,1275.784,272.96756582619
cement,2024,2,2024Q2,export,810553.877,2421821.35,4,9,2421.82135,334.68772459207196
cement,2024,3,2024Q3,export,427545.70999999996,1242332.0,4,12,1242.332,344.1477076981032
cement,2024,4,2024Q4,export,730872.255,2412939.73,4,8,2412.93973,302.8970205567463
cement,2010,1,2010Q1,import,10248861.381000001,110986.543,3,7,110.98654300000001,92343.27968031223
cement,2010,2,2010Q2,import,10173779.917,86183086.43,4,12,86183.08643000001,118.04845171405401
cement,2010,3,2010Q3,import,15580605.978,128260.94799999999,3,7,128.26094799999998,121475.83672935274
cement,2010,4,2010Q4,import,9361744.835,95160.45,2,4,95.16045,98378.52632054599
cement,2011,1,2011Q1,import,14554048.979,126477131.08,4,12,126477.13107999999,115.07257363225764
cement,2011,2,2011Q2,import,13270615.901,100401646.206,4,11,100401.646206,132.17528200455888
cement,2011,3,2011Q3,import,14769390.75,147453941.572,4,12,147453.941572,100.16273958189366
cement,2011,4,2011Q4,import,16962385.575999998,157858544.94,4,12,157858.54494,107.45307187803601
cement,2012,1,2012Q1,import,14970339.64,143937104.014,4,12,143937.104014,104.00611949608152
cement,2012,2,2012Q2,import,17234921.467,177191985.748,4,12,177191.985748,97.26693560233174
cement,2012,3,2012Q3,import,17145685.124,184462836.462,4,12,184462.836462,92.94926529839019
cement,2012,4,2012Q4,import,16484837.782,180584976.302,4,12,180584.976302,91.28576540294083
cement,2013,1,2013Q1,import,13259207.175999999,98423585.056,4,12,98423.585056,134.71575099053663
cement,2013,2,2013Q2,import,16168336.133,152182658.197,4,12,152182.65819699998,106.24296043028856
cement,2013,3,2013Q3,import,12260032.053,88417987.67199999,4,12,88417.98767199999,138.65993081046426
cement,2013,4,2013Q4,import,11974773.591,78079734.7,4,12,78079.7347,153.3659615649283
cement,2014,1,2014Q1,import,11623209.027,77987558.62,4,12,77987.55862000001,149.03927283625998
cement,2014,2,2014Q2,import,14887331.365,104424164.141,4,12,104424.164141,142.56596150387375
cement,2014,3,2014Q3,import,13333212.76,89600607.42300001,4,12,89600.60742300001,148.80716932034363
cement,2014,4,2014Q4,import,14787718.787,106740265.616,4,12,106740.26561599999,138.5392728944397
cement,2015,1,2015Q1,import,12583746.941,107075120.653,4,12,107075.12065299999,117.5226034232578
cement,2015,2,2015Q2,import,9423944.33,61290404.261,4,12,61290.404261,153.75888678868768
cement,2015,3,2015Q3,import,9445331.394,68856133.391,4,12,68856.133391,137.17487359280872
cement,2015,4,2015Q4,import,8646896.617999999,61283543.23,4,12,61283.543229999996,141.09655157417697
cement,2016,1,2016Q1,import,10001896.45,84607001.784,4,11,84607.001784,118.21594240550733
cement,2016,2,2016Q2,import,10081708.382,75698670.87,4,12,75698.67087,133.18210565828392
cement,2016,3,2016Q3,import,10896241.38,120629697.584,4,12,120629.69758400001,90.32801704913872
cement,2016,4,2016Q4,import,8911490.208,68632317.993,4,12,68632.317993,129.8439345864569
cement,2017,1,2017Q1,import,10668674.049,96935926.59,4,12,96935.92659,110.05902996238126
cement,2017,2,2017Q2,import,10433062.459,89783592.29,4,12,89783.59229,116.20232820826912
cement,2017,3,2017Q3,import,23231824.275000002,308572038.7,4,12,308572.0387,75.2881705447928
cement,2017,4,2017Q4,import,19353435.027000003,246890892.0,4,12,246890.892,78.38861478535225
cement,2018,1,2018Q1,import,19777342.391,234348006.2,4,12,234348.00619999997,84.39304738151428
cement,2018,2,2018Q2,import,28302741.035,337380974.0,4,12,337380.974,83.88955873664649
cement,2018,3,2018Q3,import,27502685.848,313280900.7,4,12,313280.9007,87.78921979139982
cement,2018,4,2018Q4,import,17826868.166,211331674.79999998,4,12,211331.67479999998,84.35492778293168
cement,2019,1,2019Q1,import,25787889.968,327590055.9,4,12,327590.0559,78.72000234302594
cement,2019,2,2019Q2,import,16865692.035,183779167.19,4,12,183779.16719,91.7715119340127
cement,2019,3,2019Q3,import,16111155.983000001,174618228.12,4,11,174618.22812,92.26502958172382
cement,2019,4,2019Q4,import,21953903.421,226529379.6,4,12,226529.3796,96.91415506353155
cement,2020,1,2020Q1,import,17488651.259999998,172482864.69,4,12,172482.86469,101.39355750747764
cement,2020,2,2020Q2,import,18109545.391,160886701.686,4,12,160886.701686,112.56085929553153
cement,2020,3,2020Q3,import,20262889.781999998,212549812.54999998,4,12,212549.81254999997,95.33242837950459
cement,2020,4,2020Q4,import,18922872.025,198460324.17000002,4,12,198460.32417,95.34838816846218
cement,2021,1,2021Q1,import,21301707.834,207713699.625,4,12,207713.699625,102.55321566395213
cement,2021,2,2021Q2,import,16446248.395000001,146127176.41,4,11,146127.17641,112.54750005471622
cement,2021,3,2021Q3,import,20851350.05,217589308.12,4,12,217589.30812,95.82892757993665
cement,2021,4,2021Q4,import,19981685.558,197188982.31,4,12,197188.98231,101.33266739308422
cement,2022,1,2022Q1,import,18745010.147,182301384.22,4,11,182301.38422,102.82428862075263
cement,2022,2,2022Q2,import,13817115.734,73515044.0,4,11,73515.044,187.94949961534405
cement,2022,3,2022Q3,import,19114728.498999998,134393949.1,4,10,134393.9491,142.22908566201212
cement,2022,4,2022Q4,import,19892021.892,143982451.75,4,11,143982.45175,138.15587698519656
cement,2023,1,2023Q1,import,28993655.72,296603658.6,4,12,296603.6586,97.75218504334389
cement,2023,2,2023Q2,import,35701703.562,380452626.083,4,11,380452.626083,93.84007656767041
cement,2023,3,2023Q3,import,19509287.226,170387240.38000003,4,10,170387.24038000003,114.49969600123877
cement,2023,4,2023Q4,import,22897993.397,285297986.0,4,10,285297.986,80.25991952498397
cement,2024,1,2024Q1,import,30512102.566,328478980.89,4,12,328478.98089,92.88905635096876
cement,2024,2,2024Q2,import,28415031.803,384774679.759,4,11,384774.679759,73.84849704974737
cement,2024,3,2024Q3,import,27363152.737,381475322.22,4,10,381475.32222000003,71.72981092920983
cement,2024,4,2024Q4,import,24518801.166,291107292.7,4,11,291107.2927,84.22599426688977
lime,2010,1,2010Q1,export,303048.996,789.8050000000001,1,2,0.7898050000000001,383701.0350656174
lime,2010,2,2010Q2,export,241358.764,770485.0,3,7,770.485,313.25562989545546
lime,2010,3,2010Q3,export,332262.0,33086.0,2,2,33.086,10042.374418182917
lime,2010,4,2010Q4,export,57572.0,110.44,1,1,0.11044,521296.6316551974
lime,2011,1,2011Q1,export,428105.297,33763602.0,4,7,33763.602,12.679491275841956
lime,2011,2,2011Q2,export,123836.38,383000.0,3,6,383.0,323.33258485639686
lime,2011,3,2011Q3,export,477530.61999999994,34108645.0,4,9,34108.645,14.000281160392035
lime,2011,4,2011Q4,export,163627.262,364763.0,4,8,364.763,448.585141585084
lime,2012,1,2012Q1,export,584911.678,34113448.4,4,12,34113.4484,17.14607304255995
lime,2012,2,2012Q2,export,625530.517,34052783.0,4,10,34052.783,18.369438909001943
lime,2012,3,2012Q3,export,655797.005,34371050.0,4,10,34371.05,19.07992351121074
lime,2012,4,2012Q4,export,652030.32,34004320.0,4,8,34004.32,19.174926009401158
lime,2013,1,2013Q1,export,181698.648,625817.0,4,9,625.817,290.3383065656573
lime,2013,2,2013Q2,export,618959.201,33897167.0,5,10,33897.167,18.25990947857088
lime,2013,3,2013Q3,export,106619.21600000001,585102.0,4,9,585.102,182.22329781815824
lime,2013,4,2013Q4,export,579749.8659999999,1430956.0,4,10,1430.956,405.14863210329315
lime,2014,1,2014Q1,export,122353.484,350065.0,4,8,350.065,349.51647265507836
lime,2014,2,2014Q2,export,129817.32699999999,337380.0,3,7,337.38,384.780742782619
lime,2014,3,2014Q3,export,346009.986,801477.0,5,10,801.477,431.71542789125573
lime,2014,4,2014Q4,export,543659.1630000001,1468223.0,5,13,1468.223,370.28378046114256
lime,2015,1,2015Q1,export,116707.39,433100.0,4,6,433.1,269.46984530131607
lime,2015,2,2015Q2,export,157211.836,415940.0,4,10,415.94,377.96758186276867
lime,2015,3,2015Q3,export,216056.421,791389.0,4,10,791.389,273.00912825424666
lime,2015,4,2015Q4,export,148452.232,567040.0,4,8,567.04,261.80204571106094
lime,2016,1,2016Q1,export,106161.39,491988.0,4,8,491.988,215.78044586453328
lime,2016,2,2016Q2,export,630936.331,805330.0,4,9,805.33,783.4506736368942
lime,2016,3,2016Q3,export,233721.967,472550.0,4,11,472.55,494.59732726695586
lime,2016,4,2016Q4,export,236407.13,685125.0,4,11,685.125,345.0569312169312
lime,2017,1,2017Q1,export,269343.898,844997.0,4,11,844.997,318.75130680937326
lime,2017,2,2017Q2,export,242405.816,862876.0,4,10,862.876,280.92775323453196
lime,2017,3,2017Q3,export,179651.679,641581.6510000001,5,10,641.5816510000001,280.0137421635831
lime,2017,4,2017Q4,export,198821.594,461131.0,4,10,461.131,431.1607634273125
lime,2018,1,2018Q1,export,249806.84399999998,770927.0,5,9,770.927,324.03436901288967
lime,2018,2,2018Q2,export,152370.634,590667.0,5,12,590.667,257.96368173607124
lime,2018,3,2018Q3,export,141215.93,631728.0,4,11,631.728,223.53913393105896
lime,2018,4,2018Q4,export,86353.058,428960.0,4,8,428.96,201.30794945915704
lime,2019,1,2019Q1,export,243438.728,754362.0,3,8,754.362,322.708100355002
lime,2019,2,2019Q2,export,357490.965,633470.0,5,11,633.47,564.3376402986725
lime,2019,3,2019Q3,export,115506.964,572819.0,2,5,572.819,201.64653057946754
lime,2019,4,2019Q4,export,128522.473,866177.0,2,6,866.177,148.37899528618283
lime,2020,1,2020Q1,export,89967.836,473115.0,2,5,473.115,190.16060788603193
lime,2020,2,2020Q2,export,43604.2,248741.0,2,5,248.741,175.2996088300682
lime,2020,3,2020Q3,export,16052313.33,38568555.0,3,6,38568.555,416.20209338929084
lime,2020,4,2020Q4,export,76005.216,428400.0,2,5,428.4,177.4164705882353
lime,2021,1,2021Q1,export,7278564.536,13790500.0,3,6,13790.5,527.7955502701135
lime,2021,2,2021Q2,export,72613.815,743120.0,4,6,743.12,97.71479034341695
lime,2021,3,2021Q3,export,44789.407,284900.0,2,4,284.9,157.2109757809758
lime,2021,4,2021Q4,export,121772.11300000001,993670.0,2,5,993.67,122.54784083246955
lime,2022,1,2022Q1,export,100103.75899999999,381440.0,3,4,381.44,262.43644872063754
lime,2022,2,2022Q2,export,170446.337,705420.0,2,4,705.42,241.62390774290495
lime,2022,3,2022Q3,export,772337.3389999999,900219.5,4,7,900.2195,857.9433560370553
lime,2022,4,2022Q4,export,15831493.58,21160620.0,5,8,21160.62,748.1583044353143
lime,2023,1,2023Q1,export,87257.227,247526.0,4,6,247.526,352.5174203922012
lime,2023,2,2023Q2,export,38570.771,126070.0,3,4,126.07,305.9472594590307
lime,2023,3,2023Q3,export,130952.45799999998,110130.0,2,4,110.13,1189.071624443839
lime,2023,4,2023Q4,export,39969.842,136040.0,2,3,136.04,293.8094825051455
lime,2024,1,2024Q1,export,14119.452,24600.0,2,2,24.6,573.9614634146341
lime,2024,2,2024Q2,export,51724.96,97327.0,2,3,97.327,531.4554029200531
lime,2024,3,2024Q3,export,92615.885,161010.0,2,4,161.01,575.2182162598597
lime,2024,4,2024Q4,export,24392.172000000002,85800.0,2,2,85.8,284.291048951049
lime,2010,1,2010Q1,import,2564603.597,92688.05799999999,4,5,92.68805799999998,27669.191181025722
lime,2010,2,2010Q2,import,3798967.434,115417520.0,6,12,115417.52,32.914997948318415
lime,2010,3,2010Q3,import,3540903.2800000003,60007.10799999999,3,4,60.007107999999995,59008.064177997054
lime,2010,4,2010Q4,import,2228779.94,9081.493999999999,2,5,9.081494,245419.96504099437
lime,2011,1,2011Q1,import,3889169.0650000004,139265018.16,4,10,139265.01816,27.9263889552779
lime,2011,2,2011Q2,import,5617160.421,125417324.16,5,11,125417.32415999999,44.787755269231866
lime,2011,3,2011Q3,import,5580635.007,159759777.0,6,14,159759.777,34.93141460131107
lime,2011,4,2011Q4,import,5554532.716,164170890.0,5,10,164170.89,33.833846646016234
lime,2012,1,2012Q1,import,3485353.201,73639920.0,4,10,73639.92,47.329671202793264
lime,2012,2,2012Q2,import,6036753.492,205848290.0,6,12,205848.29,29.326226086211353
lime,2012,3,2012Q3,import,4724205.01,136267967.231,5,11,136267.96723100002,34.668492573838556
lime,2012,4,2012Q4,import,6623617.937,173727610.0,5,13,173727.61,38.12645518464221
lime,2013,1,2013Q1,import,5147642.431,163526060.0,5,11,163526.06,31.479034173513384
lime,2013,2,2013Q2,import,4327758.601,119405431.146,5,11,119405.431146,36.2442357894788
lime,2013,3,2013Q3,import,5877275.227,169051746.96,5,13,169051.74696000002,34.76613127453007
lime,2013,4,2013Q4,import,8372370.331,143978572.0,4,12,143978.572,58.150113691917994
lime,2014,1,2014Q1,import,6138160.898,150513270.455,6,13,150513.27045500002,40.78152630292601
lime,2014,2,2014Q2,import,5462646.617,110626273.273,4,12,110626.273273,49.379288078515074
lime,2014,3,2014Q3,import,7308723.301,160576629.138,5,13,160576.62913800002,45.51548590996304
lime,2014,4,2014Q4,import,4969562.237,120422259.6,5,14,120422.25959999999,41.26780425402348
lime,2015,1,2015Q1,import,5193854.67,127499199.884,6,15,127499.199884,40.73637069664295
lime,2015,2,2015Q2,import,5322710.423,162031358.54,5,14,162031.35854,32.849878387497476
lime,2015,3,2015Q3,import,5603566.229,157094177.257,6,16,157094.177257,35.67010774583187
lime,2015,4,2015Q4,import,6154117.928,166852690.7,6,16,166852.69069999998,36.88354021850965
lime,2016,1,2016Q1,import,5160257.534,120706471.212,6,15,120706.471212,42.75046302146387
lime,2016,2,2016Q2,import,5080877.311,82243487.464,6,15,82243.487464,61.778475933720884
lime,2016,3,2016Q3,import,5085865.435,118532002.461,5,13,118532.002461,42.907108033321016
lime,2016,4,2016Q4,import,6159401.797,162497050.79299998,6,15,162497.05079299997,37.90469898956058
lime,2017,1,2017Q1,import,5880611.67,125524749.0,6,15,125524.749,46.848224886711385
lime,2017,2,2017Q2,import,7065902.375,173276106.61,5,15,173276.10661000002,40.77828451503432
lime,2017,3,2017Q3,import,6220374.689,127225608.0,6,16,127225.608,48.89247366772262
lime,2017,4,2017Q4,import,6527404.037,138447284.32,5,14,138447.28432,47.14721613399718
lime,2018,1,2018Q1,import,8363435.3,221648002.0,6,15,221648.002,37.73296048028441
lime,2018,2,2018Q2,import,6416724.5200000005,135768565.7,6,16,135768.56569999998,47.26222514700987
lime,2018,3,2018Q3,import,8318442.174000001,193404972.39999998,6,16,193404.97239999997,43.01048763521864
lime,2018,4,2018Q4,import,8193650.563,223420815.29500002,6,16,223420.815295,36.67362216085946
lime,2019,1,2019Q1,import,9214330.27,187755140.0,5,14,187755.14,49.07631434217992
lime,2019,2,2019Q2,import,8905497.503,197602415.45,6,17,197602.41545,45.06775629599218
lime,2019,3,2019Q3,import,11265825.315,246160524.0,6,15,246160.524,45.76617376310102
lime,2019,4,2019Q4,import,10876105.752,251829968.07,6,15,251829.96807,43.18829023945562
lime,2020,1,2020Q1,import,9017522.256000001,166342571.0,6,15,166342.571,54.210549961981776
lime,2020,2,2020Q2,import,10662690.784,254109709.6,5,14,254109.7096,41.960973473954965
lime,2020,3,2020Q3,import,9835118.609,248794284.2,5,13,248794.2842,39.53112765683063
lime,2020,4,2020Q4,import,9309441.727,198309916.056,6,16,198309.916056,46.94390432988304
lime,2021,1,2021Q1,import,10200197.908,176865942.87,6,16,176865.94287,57.67191660803431
lime,2021,2,2021Q2,import,12233528.087,172984505.0,6,14,172984.505,70.72036935909375
lime,2021,3,2021Q3,import,15262503.82,190844515.08,6,15,190844.51508,79.9734999646289
lime,2021,4,2021Q4,import,19303196.423,235628631.42000002,6,17,235628.63142000002,81.92211747218745
lime,2022,1,2022Q1,import,14909313.294,246736663.2,6,16,246736.66319999998,60.426014928777725
lime,2022,2,2022Q2,import,18658749.592,239577028.66,6,16,239577.02866,77.88204777545637
lime,2022,3,2022Q3,import,21007910.088,322813185.1,6,15,322813.1851,65.07760852919387
lime,2022,4,2022Q4,import,19138986.417,222645651.0,6,18,222645.651,85.96164502220616
lime,2023,1,2023Q1,import,22662103.419,273173202.849,6,17,273173.202849,82.95873527363067
lime,2023,2,2023Q2,import,20819650.059,197269629.29,6,16,197269.62928999998,105.5390540040691
lime,2023,3,2023Q3,import,16411979.648,161488218.7,6,17,161488.2187,101.62957880220894
lime,2023,4,2023Q4,import,13448634.255,244838210.66,6,17,244838.21065999998,54.928657658243324
lime,2024,1,2024Q1,import,15291924.473,216243448.93,6,17,216243.44893,70.7162438846882
lime,2024,2,2024Q2,import,15633217.49,233756572.55,6,18,233756.57255,66.8781943517592
lime,2024,3,2024Q3,import,19996605.835,230021991.28,6,17,230021.99128,86.93345242220182
lime,2024,4,2024Q4,import,20529277.562000003,249539948.3,6,17,249539.94830000002,82.26850130352456
crude_steel,2010,1,2010Q1,export,87307374.799,234966.968,5,13,234.96696799999998,371572.972755047
crude_steel,2010,2,2010Q2,export,147330321.797,351024780.0,14,34,351024.78,419.71487539141816
crude_steel,2010,3,2010Q3,export,137943699.0,307939.988,4,10,307.939988,447956.43429069687
crude_steel,2010,4,2010Q4,export,166941170.0,392194.17,6,12,392.19417,425659.48902300105
crude_steel,2011,1,2011Q1,export,127777204.489,251018072.0,14,32,251018.072,509.03587726145867
crude_steel,2011,2,2011Q2,export,197491885.6,400225590.0,13,34,400225.59,493.45141973555457
crude_steel,2011,3,2011Q3,export,141180908.951,295883452.0,13,31,295883.452,477.15040498783964
crude_steel,2011,4,2011Q4,export,174119347.339,387071467.0,12,29,387071.467,449.8377229624109
crude_steel,2012,1,2012Q1,export,170306446.819,436337310.0,13,29,436337.31,390.30915513275727
crude_steel,2012,2,2012Q2,export,205147364.011,465855805.0,13,28,465855.805,440.36665811430646
crude_steel,2012,3,2012Q3,export,140165894.055,314524320.0,13,29,314524.32,445.64405720676865
crude_steel,2012,4,2012Q4,export,204684397.377,527507970.0,11,27,527507.97,388.0214309880475
crude_steel,2013,1,2013Q1,export,140411540.667,335515090.0,11,25,335515.09,418.49545624609607
crude_steel,2013,2,2013Q2,export,230940684.965,591832990.0,11,28,591832.99,390.2125918411544
crude_steel,2013,3,2013Q3,export,169220156.248,453237815.0,10,27,453237.815,373.35842387290654
crude_steel,2013,4,2013Q4,export,218182218.201,590559788.0,13,32,590559.788,369.4498383303403
crude_steel,2014,1,2014Q1,export,184335762.69099998,446123850.0,12,31,446123.85,413.1941448344445
crude_steel,2014,2,2014Q2,export,252641824.511,684637110.0,14,30,684637.11,369.0156738815984
crude_steel,2014,3,2014Q3,export,164423528.757,418129847.0,13,29,418129.847,393.2355700907426
crude_steel,2014,4,2014Q4,export,186079956.937,583894142.0,11,26,583894.142,318.68782978302255
crude_steel,2015,1,2015Q1,export,116975817.307,376573919.0,9,23,376573.919,310.6317548959093
crude_steel,2015,2,2015Q2,export,150528509.03,530363760.0,13,30,530363.76,283.82125699915844
crude_steel,2015,3,2015Q3,export,102667300.12,367097525.0,12,33,367097.525,279.6730926475192
crude_steel,2015,4,2015Q4,export,96976847.626,451573789.0,13,31,451573.789,214.753048091549
crude_steel,2016,1,2016Q1,export,68449365.958,325559420.0,12,27,325559.42,210.2515293767264
crude_steel,2016,2,2016Q2,export,93204037.035,374878093.0,11,27,374878.093,248.62492307599314
crude_steel,2016,3,2016Q3,export,90160730.311,373709409.0,10,24,373709.409,241.2589250890389
crude_steel,2016,4,2016Q4,export,108945738.873,424664710.0,11,26,424664.71,256.54530811613705
crude_steel,2017,1,2017Q1,export,109615663.462,387440020.0,12,25,387440.02,282.92292433290703
crude_steel,2017,2,2017Q2,export,142190821.266,469577270.0,11,26,469577.27,302.8060137280495
crude_steel,2017,3,2017Q3,export,145234537.578,477283380.0,12,28,477283.38,304.2941440324195
crude_steel,2017,4,2017Q4,export,182206664.89999998,555622950.0,11,27,555622.95,327.9322153629543
crude_steel,2018,1,2018Q1,export,142917290.208,448328840.0,13,29,448328.84,318.7778198877413
crude_steel,2018,2,2018Q2,export,178855756.16799998,491700320.0,14,33,491700.32,363.7495215947795
crude_steel,2018,3,2018Q3,export,189757308.348,522294120.0,12,31,522294.12,363.3150385610315
crude_steel,2018,4,2018Q4,export,216306307.26,575917960.0,13,28,575917.96,375.5852782573407
crude_steel,2019,1,2019Q1,export,133054790.797,413157160.0,13,28,413157.16,322.04401539840194
crude_steel,2019,2,2019Q2,export,226296645.666,690810310.0,15,36,690810.31,327.5814538234092
crude_steel,2019,3,2019Q3,export,160598931.922,498341310.0,11,31,498341.31,322.26694576454037
crude_steel,2019,4,2019Q4,export,101122751.998,357890270.0,11,29,357890.27,282.55239237993254
crude_steel,2020,1,2020Q1,export,122749724.445,428380260.0,11,26,428380.26,286.5438394500251
crude_steel,2020,2,2020Q2,export,128204561.809,486845304.0,14,27,486845.304,263.3373697058399
crude_steel,2020,3,2020Q3,export,128709841.402,481362110.0,14,28,481362.11,267.38673179324394
crude_steel,2020,4,2020Q4,export,136540422.123,453729198.0,10,26,453729.198,300.92932684266003
crude_steel,2021,1,2021Q1,export,142936702.339,359157810.0,12,31,359157.81,397.9774304197923
crude_steel,2021,2,2021Q2,export,240200357.155,571617451.0,12,30,571617.451,420.2117285516533
crude_steel,2021,3,2021Q3,export,229293970.743,490607748.013,11,27,490607.748013,467.36720255980185
crude_steel,2021,4,2021Q4,export,281210250.709,582861183.0,13,27,582861.183,482.46522312843746
crude_steel,2022,1,2022Q1,export,203247336.716,409762496.385,14,29,409762.496385,496.01254021313645
crude_steel,2022,2,2022Q2,export,323940696.722,562614861.0,12,31,562614.861,575.7769998222639
crude_steel,2022,3,2022Q3,export,165485512.374,387256780.0,12,33,387256.78,427.3276051461255
crude_steel,2022,4,2022Q4,export,205361288.33600003,483185118.0,15,35,483185.118,425.0157562510028
crude_steel,2023,1,2023Q1,export,183989429.99400002,400182140.0,11,27,400182.14,459.76422134680973
crude_steel,2023,2,2023Q2,export,217262355.10300002,468117800.0,14,33,468117.8,464.11897839176385
crude_steel,2023,3,2023Q3,export,233391952.112,510198750.0,12,28,510198.75,457.45300652343815
crude_steel,2023,4,2023Q4,export,157130733.074,355916170.0,12,25,355916.17,441.4824228806463
crude_steel,2024,1,2024Q1,export,237871298.686,533011870.0,12,26,533011.87,446.2776761162936
crude_steel,2024,2,2024Q2,export,302730004.051,655083550.0,12,28,655083.55,462.1242649903207
crude_steel,2024,3,2024Q3,export,220194456.114,513274854.0,11,26,513274.854,428.999111096138
crude_steel,2024,4,2024Q4,export,240103087.296,567372676.0,13,26,567372.676,423.1840859675097
crude_steel,2010,1,2010Q1,import,1990322.912,1567.556,3,7,1.567556,1269698.1237033957
crude_steel,2010,2,2010Q2,import,26614620.841000002,33735180.0,12,26,33735.18,788.9277852082012
crude_steel,2010,3,2010Q3,import,13336278.648,16011.501,5,8,16.011501,832918.7031247102
crude_steel,2010,4,2010Q4,import,2088351.25,1534.623,3,5,1.534623,1360823.6355117837
crude_steel,2011,1,2011Q1,import,4126466.063,2180354.0,11,27,2180.354,1892.567015723135
crude_steel,2011,2,2011Q2,import,4843251.291,2477197.0,13,26,2477.197,1955.1336817378674
crude_steel,2011,3,2011Q3,import,4270765.026,2425129.0,11,26,2425.129,1761.0465364935226
crude_steel,2011,4,2011Q4,import,4622842.434,2487823.0,11,23,2487.823,1858.1878349062617
crude_steel,2012,1,2012Q1,import,3201419.9220000003,2067763.0,9,21,2067.763,1548.2528326505505
crude_steel,2012,2,2012Q2,import,4167318.27,2940354.0,7,18,2940.354,1417.284541249115
crude_steel,2012,3,2012Q3,import,4050307.313,2135660.0,9,21,2135.66,1896.513168294579
crude_steel,2012,4,2012Q4,import,4074982.16,12638491.0,10,22,12638.491,322.4263213068712
crude_steel,2013,1,2013Q1,import,1856263.141,1664557.0,8,18,1664.557,1115.1694661102024
crude_steel,2013,2,2013Q2,import,2462575.621,1107157.0,9,21,1107.157,2224.233438437367
crude_steel,2013,3,2013Q3,import,1485702.059,935366.0,9,19,935.366,1588.3644038804061
crude_steel,2013,4,2013Q4,import,1628332.678,886544.0,9,19,886.544,1836.7195288671517
crude_steel,2014,1,2014Q1,import,18883496.627,30627551.0,11,19,30627.551,616.5526139194087
crude_steel,2014,2,2014Q2,import,1317790.652,822770.0,10,21,822.77,1601.651314462122
crude_steel,2014,3,2014Q3,import,24427785.593,51913426.0,10,20,51913.426,470.5485165436779
crude_steel,2014,4,2014Q4,import,931518.33,508707.0,10,21,508.707,1831.1490307780314
crude_steel,2015,1,2015Q1,import,1546675.5,909880.0,8,16,909.88,1699.8675649536203
crude_steel,2015,2,2015Q2,import,932548.1359999999,524280.0,9,17,524.28,1778.721553368429
crude_steel,2015,3,2015Q3,import,1740564.668,762934.0,8,20,762.934,2281.4092280590457
crude_steel,2015,4,2015Q4,import,3869805.3259999994,17763936.0,8,19,17763.936,217.8461646112663
crude_steel,2016,1,2016Q1,import,364499.73099999997,208398.0,8,15,208.398,1749.0558018790966
crude_steel,2016,2,2016Q2,import,6265757.396,23242450.0,8,17,23242.45,269.582483602202
crude_steel,2016,3,2016Q3,import,11884450.184,39311572.0,8,19,39311.572,302.3142952411061
crude_steel,2016,4,2016Q4,import,7938263.328000001,27539446.0,10,22,27539.446,288.2506542796831
crude_steel,2017,1,2017Q1,import,2024989.998,1406540.0,10,20,1406.54,1439.6959901602513
crude_steel,2017,2,2017Q2,import,2090160.118,1244370.0,10,20,1244.37,1679.6934336250474
crude_steel,2017,3,2017Q3,import,8476908.634000001,31076580.0,8,19,31076.58,272.77482380622325
crude_steel,2017,4,2017Q4,import,8791565.154000001,21650640.0,11,21,21650.64,406.0649086585894
crude_steel,2018,1,2018Q1,import,1401038.638,1088810.0,10,17,1088.81,1286.7613614863935
crude_steel,2018,2,2018Q2,import,10688440.148999998,26059880.0,7,19,26059.88,410.1492466197081
crude_steel,2018,3,2018Q3,import,10462012.672,28782740.0,9,17,28782.74,363.4821657701803
crude_steel,2018,4,2018Q4,import,784811.009,1112410.0,10,20,1112.41,705.5051725532851
crude_steel,2019,1,2019Q1,import,641509.02,661550.0,10,20,661.55,969.7060237321443
crude_steel,2019,2,2019Q2,import,936442.371,767502.0,12,26,767.502,1220.1171736360297
crude_steel,2019,3,2019Q3,import,937241.1089999999,935413.0,13,22,935.413,1001.954333540372
crude_steel,2019,4,2019Q4,import,6634349.813,25342270.0,9,18,25342.27,261.78987963588105
crude_steel,2020,1,2020Q1,import,9135516.942,28516106.0,8,16,28516.106,320.36340943605694
crude_steel,2020,2,2020Q2,import,22476567.845,65493730.0,7,13,65493.73,343.1865591561207
crude_steel,2020,3,2020Q3,import,7380014.291999999,15673120.0,7,16,15673.12,470.87078335392056
crude_steel,2020,4,2020Q4,import,20586645.48,61465108.0,8,15,61465.108,334.93222658943347
crude_steel,2021,1,2021Q1,import,722063.608,538789.0,10,16,538.789,1340.1602631085639
crude_steel,2021,2,2021Q2,import,30346101.501000002,42897524.0,9,17,42897.524,707.4091619134009
crude_steel,2021,3,2021Q3,import,97159732.33299999,136948253.0,9,20,136948.253,709.4631016067068
crude_steel,2021,4,2021Q4,import,101495891.448,158979460.0,9,23,158979.46,638.4214127284116
crude_steel,2022,1,2022Q1,import,69446000.964,98198286.0,8,20,98198.286,707.2017628087725
crude_steel,2022,2,2022Q2,import,1337962.373,1649790.0,10,18,1649.79,810.9895035125683
crude_steel,2022,3,2022Q3,import,15057406.442,31716580.0,11,22,31716.58,474.7487415730195
crude_steel,2022,4,2022Q4,import,13671442.434,32417010.0,9,16,32417.01,421.7366880535867
crude_steel,2023,1,2023Q1,import,13558510.428,27619150.0,8,18,27619.15,490.9097647103549
crude_steel,2023,2,2023Q2,import,2898062.359,2071922.0,8,18,2071.922,1398.7313996376313
crude_steel,2023,3,2023Q3,import,11524619.089,25958141.0,9,20,25958.141,443.96935393023716
crude_steel,2023,4,2023Q4,import,25495603.429999996,41432914.0,10,18,41432.914,615.3466162191729
crude_steel,2024,1,2024Q1,import,19796951.103000004,32275470.0,10,20,32275.47,613.3745257001681
crude_steel,2024,2,2024Q2,import,2835831.196,3719238.0,13,25,3719.238,762.4763986601557
crude_steel,2024,3,2024Q3,import,68590070.86400001,105677324.0,11,24,105677.324,649.0519277721303
crude_steel,2024,4,2024Q4,import,8950707.628,12669183.0,12,21,12669.183,706.494462034371
long_steel,2010,1,2010Q1,export,19028630.548,16252.283,10,17,16.252283,1170828.1567580383
long_steel,2010,2,2010Q2,export,31234751.407,20740830.0,41,91,20740.83,1505.9547475679612
long_steel,2010,3,2010Q3,export,8054881.0,9884.896999999999,8,9,9.884896999999999,814867.4690287618
long_steel,2011,1,2011Q1,export,29275279.575,20862039.0,40,95,20862.039,1403.2798795458104
long_steel,2011,2,2011Q2,export,33464191.393,18776197.0,39,89,18776.197,1782.2667387330885
long_steel,2011,3,2011Q3,export,7911127.208000001,4317506.0,27,27,4317.506,1832.3372817547909
long_steel,2012,1,2012Q1,export,32084701.187,23338408.0,42,105,23338.408,1374.7596317195244
long_steel,2012,2,2012Q2,export,33662146.145,42417458.0,38,100,42417.458,793.5917834821691
long_steel,2012,3,2012Q3,export,7514634.848,6997710.0,16,16,6997.71,1073.8705730874815
long_steel,2013,1,2013Q1,export,22730665.315,15250845.0,40,89,15250.845,1490.4528447440127
long_steel,2013,2,2013Q2,export,31098804.367,26931060.0,42,103,26931.06,1154.7560462529138
long_steel,2013,3,2013Q3,export,7119570.434,6715150.0,24,24,6715.15,1060.225078218655
long_steel,2014,1,2014Q1,export,24655191.099,21555104.0,39,95,21555.104,1143.8214865026864
long_steel,2014,2,2014Q2,export,28705890.402,29067346.0,37,96,29067.346,987.5648916141156
long_steel,2014,3,2014Q3,export,1457642.255,691070.0,23,23,691.07,2109.254134892268
long_steel,2015,1,2015Q1,export,25946506.649,24843117.0,35,86,24843.117,1044.4142999044766
long_steel,2015,2,2015Q2,export,19006083.326,16029117.0,40,99,16029.117,1185.7224154019214
long_steel,2015,3,2015Q3,export,1282486.668,603090.0,21,21,603.09,2126.5261702233497
long_steel,2016,1,2016Q1,export,14169867.713000001,14737018.0,34,73,14737.018,961.5152612964171
long_steel,2016,2,2016Q2,export,23519270.838999998,33970383.0,36,84,33970.383,692.3463547349465
long_steel,2016,3,2016Q3,export,5726203.797,6581339.0,31,31,6581.339,870.0666835426651
long_steel,2017,1,2017Q1,export,15485408.445,14831880.0,38,84,14831.88,1044.062414542189
long_steel,2017,2,2017Q2,export,23375033.22,27458610.0,38,94,27458.61,851.2824654998923
long_steel,2017,3,2017Q3,export,8241695.282,7202760.0,33,41,7202.76,1144.2412744559028
long_steel,2018,1,2018Q1,export,19296668.257,21962500.0,36,85,21962.5,878.6189303130335
long_steel,2018,2,2018Q2,export,25982930.203,25988350.0,39,96,25988.35,999.791452824054
long_steel,2018,3,2018Q3,export,4764103.179,3467040.0,33,35,3467.04,1374.1125510521942
long_steel,2019,1,2019Q1,export,34513027.155,35291636.0,36,84,35291.636,977.9378647960667
long_steel,2019,2,2019Q2,export,17889554.452,22429464.0,34,80,22429.464,797.5917058026888
long_steel,2019,3,2019Q3,export,14783124.980999999,16515760.0,38,52,16515.76,895.0920200463073
long_steel,2020,1,2020Q1,export,17623887.792,20150858.0,38,77,20150.858,874.5973889548524
long_steel,2020,2,2020Q2,export,14644277.829,17579089.0,36,80,17579.089,833.0510090141759
long_steel,2020,3,2020Q3,export,8363509.564,8021991.0,38,66,8021.991,1042.5727932130565
long_steel,2021,1,2021Q1,export,18745720.087,18425449.0,37,88,18425.449,1017.3819963356117
long_steel,2021,2,2021Q2,export,19633739.334,21062634.401,43,97,21062.634401,932.1597175454862
long_steel,2021,3,2021Q3,export,5576350.418,4905231.0,31,35,4905.231,1136.8170873094457
long_steel,2022,1,2022Q1,export,29119959.962,19754313.765,36,88,19754.313765,1474.1063804298647
long_steel,2022,2,2022Q2,export,21972636.248,15212033.0,35,88,15212.033,1444.4247029966343
long_steel,2022,3,2022Q3,export,14913170.026,11466641.0,33,35,11466.641,1300.5700645899703
long_steel,2023,1,2023Q1,export,11370448.174,6289894.0,37,87,6289.894,1807.7328765794782
long_steel,2023,2,2023Q2,export,22388804.981000002,12270324.0,37,91,12270.324,1824.6303016122476
long_steel,2023,3,2023Q3,export,10642089.697999999,5102275.0,32,32,5102.275,2085.753844706528
long_steel,2024,1,2024Q1,export,13052054.19,9869072.0,36,87,9869.072,1322.520920913334
long_steel,2024,2,2024Q2,export,11250550.59,7935745.0,40,88,7935.745,1417.7056583849405
long_steel,2024,3,2024Q3,export,3480909.682,2183505.486,25,25,2183.505486,1594.1840789128203
long_steel,2010,1,2010Q1,import,22510009.165000003,34003.291,11,16,34.003291,661995.0158647881
long_steel,2010,2,2010Q2,import,100246424.049,85034788.329,39,114,85034.788329,1178.8872062707571
long_steel,2010,3,2010Q3,import,22133089.720000003,27903.213,7,8,27.903213,793209.3597966657
long_steel,2011,1,2011Q1,import,161597460.1,132771722.0,43,121,132771.722,1217.1075110406414
long_steel,2011,2,2011Q2,import,250859893.154,205945633.0,42,120,205945.633,1218.0879463173662
long_steel,2011,3,2011Q3,import,63719498.542,57282220.0,35,35,57282.22,1112.3783006664198
long_steel,2012,1,2012Q1,import,226975356.099,197775369.0,42,120,197775.369,1147.6421823740852
long_steel,2012,2,2012Q2,import,221328110.155,195343532.0,42,121,195343.532,1133.0199054402271
long_steel,2012,3,2012Q3,import,40017001.844000004,40353215.0,23,23,40353.215,991.6682436331283
long_steel,2013,1,2013Q1,import,165811878.814,152156705.0,41,120,152156.705,1089.744147745576
long_steel,2013,2,2013Q2,import,150070365.365,146036517.0,41,120,146036.517,1027.622189626722
long_steel,2013,3,2013Q3,import,39238880.611,44484509.0,30,30,44484.509,882.0796608320438
long_steel,2014,1,2014Q1,import,142654477.776,149981382.0,39,117,149981.382,951.1479083183804
long_steel,2014,2,2014Q2,import,157266515.891,166085151.0,40,116,166085.151,946.9029286730154
long_steel,2014,3,2014Q3,import,35100873.901999995,42236827.0,26,26,42236.827,831.0490251078755
long_steel,2015,1,2015Q1,import,139481712.997,159879242.0,40,118,159879.242,872.4191536822523
long_steel,2015,2,2015Q2,import,130667376.147,159441005.0,41,121,159441.005,819.5343233505082
long_steel,2015,3,2015Q3,import,32012607.154,48174973.0,29,29,48174.973,664.5070076946384
long_steel,2016,1,2016Q1,import,91848742.076,145127802.0,40,93,145127.802,632.8817828854047
long_steel,2016,2,2016Q2,import,100837606.47399999,145264824.0,41,118,145264.824,694.1639668664727
long_steel,2016,3,2016Q3,import,33335559.018,45851743.0,37,37,45851.743,727.0292651252101
long_steel,2017,1,2017Q1,import,79226646.283,88574345.898,38,111,88574.345898,894.4649320271067
long_steel,2017,2,2017Q2,import,79411192.296,74277423.814,37,111,74277.423814,1069.1161354068447
long_steel,2017,3,2017Q3,import,37008022.7,39757639.207,38,48,39757.639207,930.8405488393314
long_steel,2018,1,2018Q1,import,119273316.561,118207119.484,39,116,118207.119484,1009.0197365577826
long_steel,2018,2,2018Q2,import,129001793.336,120389905.315,40,114,120389.905315,1071.5333067043039
long_steel,2018,3,2018Q3,import,32971451.705,25334436.856,36,39,25334.436856,1301.447981354727
long_steel,2019,1,2019Q1,import,74558869.425,45536005.964,35,101,45536.005964,1637.3607620296118
long_steel,2019,2,2019Q2,import,59665255.353,34773115.673,36,100,34773.115673,1715.844387200765
long_steel,2019,3,2019Q3,import,30202783.188,19094688.589,34,56,19094.688589,1581.7374055211935
long_steel,2020,1,2020Q1,import,49710416.547,25440849.024,33,92,25440.849024,1953.960596995208
long_steel,2020,2,2020Q2,import,50942541.439,27142831.828,33,93,27142.831828000002,1876.8322245009342
long_steel,2020,3,2020Q3,import,42733844.495,23685693.818,33,67,23685.693818,1804.2048851667714
long_steel,2021,1,2021Q1,import,126436831.526,127996788.042,37,109,127996.788042,987.8125338935214
long_steel,2021,2,2021Q2,import,161876057.668,161381043.862,37,108,161381.043862,1003.067360293092
long_steel,2021,3,2021Q3,import,87075303.851,86847241.34200001,37,45,86847.24134200001,1002.626019036136
long_steel,2022,1,2022Q1,import,218559679.53300002,160299968.229,38,106,160299.968229,1363.4418144161566
long_steel,2022,2,2022Q2,import,212331975.93,155142915.895,41,109,155142.915895,1368.6217943312686
long_steel,2022,3,2022Q3,import,89348838.961,68148284.787,40,45,68148.284787,1311.0944646701398
long_steel,2023,1,2023Q1,import,203804321.694,193249801.0,39,111,193249.801,1054.6159459900298
long_steel,2023,2,2023Q2,import,207402576.961,198805378.0,39,111,198805.378,1043.2442977523476
long_steel,2023,3,2023Q3,import,87497899.97,97997895.0,39,39,97997.895,892.8548921382444
long_steel,2024,1,2024Q1,import,229130114.68,251359223.493,41,116,251359.223493,911.564379838168
long_steel,2024,2,2024Q2,import,252805569.276,259203347.211,42,116,259203.347211,975.3175334970039
long_steel,2024,3,2024Q3,import,90650415.965,107589988.828,37,37,107589.988828,842.5543765965006
flat_steel,2010,1,2010Q1,export,177239960.29500002,339417.977,3,9,339.417977,522187.8990074825
flat_steel,2010,2,2010Q2,export,248605356.75200003,384694920.0,19,43,384694.92,646.2402902331022
flat_steel,2010,3,2010Q3,export,188066297.0,293925.29,6,12,293.92528999999996,639843.8766531455
flat_steel,2010,4,2010Q4,export,261729956.0,445083.27400000003,7,15,445.083274,588047.1617093389
flat_steel,2011,1,2011Q1,export,194995523.167,240197774.0,17,43,240197.774,811.8123657840392
flat_steel,2011,2,2011Q2,export,185933863.13,251451848.0,17,42,251451.848,739.4412274512296
flat_steel,2011,3,2011Q3,export,234354520.252,335397370.0,19,46,335397.37,698.7369049793086
flat_steel,2011,4,2011Q4,export,184142667.34800002,280019700.0,22,43,280019.7,657.6061160982603
flat_steel,2012,1,2012Q1,export,36295174.361,54289635.0,23,44,54289.635,668.547032246579
flat_steel,2012,2,2012Q2,export,112202302.766,166027978.0,17,41,166027.978,675.8035851403309
flat_steel,2012,3,2012Q3,export,15676125.699000001,17360354.0,20,43,17360.354,902.9842190429989
flat_steel,2012,4,2012Q4,export,106871288.347,187402770.0,18,39,187402.77,570.2759268019358
flat_steel,2013,1,2013Q1,export,69577137.348,124932485.0,22,43,124932.485,556.9179012808398
flat_steel,2013,2,2013Q2,export,112941371.038,206337810.0,20,39,206337.81,547.3614895786671
flat_steel,2013,3,2013Q3,export,39162375.008999996,70704660.0,22,39,70704.66,553.8867595007174
flat_steel,2013,4,2013Q4,export,17373500.667,25199120.0,21,41,25199.12,689.448705629403
flat_steel,2014,1,2014Q1,export,16031091.819,23772244.0,21,36,23772.244,674.3617396405657
flat_steel,2014,2,2014Q2,export,80348642.878,152145970.0,19,36,152145.97,528.1023406535185
flat_steel,2014,3,2014Q3,export,53495356.077,83889071.0,17,30,83889.071,637.691602008562
flat_steel,2014,4,2014Q4,export,93349429.318,164211560.0,17,32,164211.56,568.470510346531
flat_steel,2015,1,2015Q1,export,59849737.611,151481740.0,18,32,151481.74,395.0953930883023
flat_steel,2015,2,2015Q2,export,79827190.97,194563560.0,19,34,194563.56,410.28849888437486
flat_steel,2015,3,2015Q3,export,27907250.693,72102012.0,18,28,72102.012,387.05231544717503
flat_steel,2015,4,2015Q4,export,46996349.376,138879678.0,19,33,138879.678,338.3961573989248
flat_steel,2016,1,2016Q1,export,18007022.402,47756290.0,14,23,47756.29,377.06074743243244
flat_steel,2016,2,2016Q2,export,43809793.888,141988020.0,17,33,141988.02,308.5457060954861
flat_steel,2016,3,2016Q3,export,56705160.989,124276930.0,17,34,124276.93,456.2806708292521
flat_steel,2016,4,2016Q4,export,65706160.982999995,152990475.0,18,38,152990.475,429.47876972733104
flat_steel,2017,1,2017Q1,export,81289907.589,168817720.0,20,37,168817.72,481.52473323890405
flat_steel,2017,2,2017Q2,export,116997681.815,221385810.0,21,39,221385.81,528.4786853095959
flat_steel,2017,3,2017Q3,export,70258913.685,122625960.0,22,44,122625.96,572.9530165146108
flat_steel,2017,4,2017Q4,export,66196169.889,114942530.0,25,46,114942.53,575.9066716993266
flat_steel,2018,1,2018Q1,export,66652464.853,139436170.0,18,39,139436.17,478.01416843993917
flat_steel,2018,2,2018Q2,export,112969606.498,216511030.0,24,53,216511.03,521.7729854132605
flat_steel,2018,3,2018Q3,export,48554878.536,90294490.0,21,48,90294.49,537.7391082888889
flat_steel,2018,4,2018Q4,export,52659826.309,84657670.0,21,44,84657.67,622.0325495492611
flat_steel,2019,1,2019Q1,export,55729853.938999996,86849757.394,20,37,86849.757394,641.681170002325
flat_steel,2019,2,2019Q2,export,189895350.495,359471950.0,22,41,359471.95,528.261942260029
flat_steel,2019,3,2019Q3,export,46749910.356,79378278.0,22,41,79378.278,588.9509262974941
flat_steel,2019,4,2019Q4,export,54362079.106000006,95221390.634,17,36,95221.39063400001,570.9019658718294
flat_steel,2020,1,2020Q1,export,73035790.897,126502910.0,20,43,126502.91,577.3447495950884
flat_steel,2020,2,2020Q2,export,90170061.99000001,165888938.396,18,36,165888.938396,543.5568089220724
flat_steel,2020,3,2020Q3,export,57494801.511999995,104515958.0,22,43,104515.958,550.1054825713792
flat_steel,2020,4,2020Q4,export,62359253.405999996,116338278.0,23,44,116338.278,536.0166445475495
flat_steel,2021,1,2021Q1,export,33517122.773,55299231.0,21,43,55299.231,606.1046811482785
flat_steel,2021,2,2021Q2,export,53210758.782,89323951.0,23,46,89323.951,595.7053868116515
flat_steel,2021,3,2021Q3,export,28552342.024,46776672.768,23,40,46776.672768,610.3970277153339
flat_steel,2021,4,2021Q4,export,27775968.669000003,45850655.0,19,37,45850.655,605.7921892064575
flat_steel,2022,1,2022Q1,export,5689578.019,6223144.0,16,32,6223.144,914.2610260987051
flat_steel,2022,2,2022Q2,export,53482515.208000004,41938957.0,18,35,41938.957,1275.2466688191603
flat_steel,2022,3,2022Q3,export,72190455.425,122090171.0,22,40,122090.171,591.2880196146174
flat_steel,2022,4,2022Q4,export,71719022.145,129304937.773,19,39,129304.937773,554.6502970436103
flat_steel,2023,1,2023Q1,export,27438020.52,44917255.643,19,37,44917.255643,610.8570109019116
flat_steel,2023,2,2023Q2,export,79044265.571,128153340.70899999,15,36,128153.340709,616.7944209155435
flat_steel,2023,3,2023Q3,export,60872720.301,125180250.0,23,44,125180.25,486.28054586086864
flat_steel,2023,4,2023Q4,export,45157753.378,72023216.124,21,40,72023.216124,626.98884898799
flat_steel,2024,1,2024Q1,export,98622924.514,150120180.0,19,38,150120.18,656.9598072291147
flat_steel,2024,2,2024Q2,export,71873796.358,117713511.87799999,22,40,117713.51187799999,610.582380997103
flat_steel,2024,3,2024Q3,export,83073541.343,140541940.0,18,33,140541.94,591.0943120822154
flat_steel,2024,4,2024Q4,export,62069311.136,107446852.0,16,29,107446.852,577.6745430941057
flat_steel,2010,1,2010Q1,import,9930226.761,17443.841,8,10,17.443841,569268.3601621913
flat_steel,2010,2,2010Q2,import,87383145.176,63639770.0,25,67,63639.77,1373.090210351169
flat_steel,2010,3,2010Q3,import,12459166.6,16739.898,8,10,16.739898,744279.7202229069
flat_steel,2010,4,2010Q4,import,4104099.0500000003,8811.527,7,9,8.811527,465764.7930943184
flat_steel,2011,1,2011Q1,import,95347039.357,71931481.0,25,71,71931.481,1325.5258758957013
flat_steel,2011,2,2011Q2,import,95412578.743,60542243.0,25,66,60542.243,1575.967027567842
flat_steel,2011,3,2011Q3,import,112818244.938,72937809.0,27,72,72937.809,1546.7731548941922
flat_steel,2011,4,2011Q4,import,110484511.76099999,83674048.0,28,78,83674.048,1320.4155219190543
flat_steel,2012,1,2012Q1,import,123129601.603,95051256.0,28,78,95051.256,1295.4021523187448
flat_steel,2012,2,2012Q2,import,125686518.016,104898722.0,30,80,104898.722,1198.1701551711947
flat_steel,2012,3,2012Q3,import,116693573.032,92928116.0,27,76,92928.116,1255.7402221734487
flat_steel,2012,4,2012Q4,import,105695613.84200001,93952949.0,28,76,93952.949,1124.9845264782484
flat_steel,2013,1,2013Q1,import,92241914.575,80499810.0,30,81,80499.81,1145.8649973832237
flat_steel,2013,2,2013Q2,import,95436603.874,71998451.0,27,75,71998.451,1325.5369045925725
flat_steel,2013,3,2013Q3,import,68220731.363,50336307.0,29,74,50336.307,1355.298698472258
flat_steel,2013,4,2013Q4,import,64940808.306,44671642.0,24,71,44671.642,1453.736764500396
flat_steel,2014,1,2014Q1,import,83669897.36,69041289.0,29,77,69041.289,1211.882028448223
flat_steel,2014,2,2014Q2,import,76331905.506,56091556.0,26,72,56091.556,1360.8448570405144
flat_steel,2014,3,2014Q3,import,83894374.424,69952208.0,26,72,69952.208,1199.3098834564307
flat_steel,2014,4,2014Q4,import,75768360.75400001,62302844.0,32,83,62302.844,1216.13004944044
flat_steel,2015,1,2015Q1,import,76325345.115,64604719.0,31,82,64604.719,1181.420588099764
flat_steel,2015,2,2015Q2,import,67376832.193,51595255.0,28,80,51595.255,1305.872646486581
flat_steel,2015,3,2015Q3,import,56555191.936,46029624.0,32,86,46029.624,1228.6694311472106
flat_steel,2015,4,2015Q4,import,50516506.144,53024226.0,31,82,53024.226,952.7061487705638
flat_steel,2016,1,2016Q1,import,45475376.671000004,55589804.0,30,72,55589.804,818.0524736334744
flat_steel,2016,2,2016Q2,import,41949424.377,45140621.0,31,81,45140.621,929.3054337245381
flat_steel,2016,3,2016Q3,import,47380088.451000005,45486682.0,31,82,45486.682,1041.6255125181476
flat_steel,2016,4,2016Q4,import,45480550.116,44421024.0,30,80,44421.024,1023.8519066107076
flat_steel,2017,1,2017Q1,import,44308661.939,31547630.0,29,76,31547.63,1404.5004946171869
flat_steel,2017,2,2017Q2,import,45572565.324,31571470.0,28,74,31571.47,1443.4730256145817
flat_steel,2017,3,2017Q3,import,46449889.302,33416080.0,29,76,33416.08,1390.0460287981116
flat_steel,2017,4,2017Q4,import,38304095.688,28096430.0,27,69,28096.43,1363.3082810876685
flat_steel,2018,1,2018Q1,import,55351928.034,36101860.0,28,70,36101.86,1533.2154086797743
flat_steel,2018,2,2018Q2,import,55220202.563,37962810.0,29,74,37962.81,1454.5868064824497
flat_steel,2018,3,2018Q3,import,59301408.816,37021610.0,28,73,37021.61,1601.8052379677706
flat_steel,2018,4,2018Q4,import,44818022.923,29806270.0,27,63,29806.27,1503.6441300102294
flat_steel,2019,1,2019Q1,import,28363097.96,14497854.0,24,58,14497.854,1956.3652634382993
flat_steel,2019,2,2019Q2,import,34112174.977,17974199.0,25,61,17974.199,1897.841176510842
flat_steel,2019,3,2019Q3,import,35708688.297,19632833.0,22,55,19632.833,1818.8250415515683
flat_steel,2019,4,2019Q4,import,32745791.022,15919684.0,25,53,15919.684,2056.9372496338497
flat_steel,2020,1,2020Q1,import,35302907.975,20912743.0,25,59,20912.743,1688.1050933873191
flat_steel,2020,2,2020Q2,import,33525011.985999998,18046851.0,23,55,18046.851,1857.665472275468
flat_steel,2020,3,2020Q3,import,32349751.663,16805159.0,24,54,16805.159,1924.9893239927096
flat_steel,2020,4,2020Q4,import,32805810.2,15462246.0,20,46,15462.246,2121.6717286738294
flat_steel,2021,1,2021Q1,import,54574325.685,44781209.0,23,60,44781.209,1218.6880815343775
flat_steel,2021,2,2021Q2,import,59535698.798,34075973.0,25,63,34075.973,1747.1459669838337
flat_steel,2021,3,2021Q3,import,66247384.367,31678188.0,23,63,31678.188,2091.261797139407
flat_steel,2021,4,2021Q4,import,124167246.746,68452805.0,24,65,68452.805,1813.910280900834
flat_steel,2022,1,2022Q1,import,93816178.38,50472346.0,23,59,50472.346,1858.7639730477358
flat_steel,2022,2,2022Q2,import,88687042.366,43788059.0,22,60,43788.059,2025.3704866434018
flat_steel,2022,3,2022Q3,import,91983581.404,50274348.0,24,62,50274.348,1829.6325076955748
flat_steel,2022,4,2022Q4,import,70085500.862,45656768.0,23,59,45656.768,1535.0517334472736
flat_steel,2023,1,2023Q1,import,57167605.978,35720385.0,24,62,35720.385,1600.4196477165628
flat_steel,2023,2,2023Q2,import,64415604.353,41228576.0,26,66,41228.576,1562.401872744768
flat_steel,2023,3,2023Q3,import,83895941.675,64666712.0,27,69,64666.712,1297.3590133204855
flat_steel,2023,4,2023Q4,import,67943113.887,54303059.776,26,67,54303.059776,1251.1838958479539
flat_steel,2024,1,2024Q1,import,73689326.713,56063382.0,27,64,56063.382,1314.3931757987773
flat_steel,2024,2,2024Q2,import,75412696.584,61199321.0,26,66,61199.321,1232.247275815364
flat_steel,2024,3,2024Q3,import,70296607.711,55446944.0,23,60,55446.944,1267.8175322160225
flat_steel,2024,4,2024Q4,import,57206442.888000004,45873855.0,25,64,45873.855,1247.0380544211948
treated_flat_steel,2010,1,2010Q1,export,3136819.8609999996,3908.818,3,6,3.908818,802498.3156033357
treated_flat_steel,2010,2,2010Q2,export,6396072.362,2964390.0,10,22,2964.39,2157.63525109719
treated_flat_steel,2010,3,2010Q3,export,6389108.0,3400.763,3,7,3.400763,1878727.8031430005
treated_flat_steel,2010,4,2010Q4,export,8913686.0,3648.978,3,8,3.648978,2442789.7345503317
treated_flat_steel,2011,1,2011Q1,export,8542645.117,5255547.0,11,22,5255.547,1625.4530911815652
treated_flat_steel,2011,2,2011Q2,export,11434275.207,4274650.0,11,25,4274.65,2674.903256874832
treated_flat_steel,2011,3,2011Q3,export,10403529.884,3988714.0,8,21,3988.714,2608.2416247442156
treated_flat_steel,2011,4,2011Q4,export,11624084.314,4391156.0,11,22,4391.156,2647.1581319361007
treated_flat_steel,2012,1,2012Q1,export,10042015.026,3340060.0,11,23,3340.06,3006.5373154973267
treated_flat_steel,2012,2,2012Q2,export,9303415.716,4216058.0,10,25,4216.058,2206.6621749511037
treated_flat_steel,2012,3,2012Q3,export,8934366.817,3327898.0,9,23,3327.898,2684.6876968584975
treated_flat_steel,2012,4,2012Q4,export,13731546.182,5434909.0,9,20,5434.909,2526.5457401402673
treated_flat_steel,2013,1,2013Q1,export,9819480.273,4189694.0,10,23,4189.694,2343.72254226681
treated_flat_steel,2013,2,2013Q2,export,9496751.182,4050880.0,12,25,4050.88,2344.3674416423096
treated_flat_steel,2013,3,2013Q3,export,9564666.126,4092095.0,13,29,4092.095,2337.3519251141533
treated_flat_steel,2013,4,2013Q4,export,9157076.661,4303265.0,12,24,4303.265,2127.9369643747245
treated_flat_steel,2014,1,2014Q1,export,5062845.554,2135746.0,9,19,2135.746,2370.5279345015742
treated_flat_steel,2014,2,2014Q2,export,7176346.794,18465640.0,10,18,18465.64,388.632443500469
treated_flat_steel,2014,3,2014Q3,export,2991156.0149999997,21437069.0,10,20,21437.069,139.53194884058075
treated_flat_steel,2014,4,2014Q4,export,3978961.178,43899825.0,10,21,43899.825,90.6372901942092
treated_flat_steel,2015,1,2015Q1,export,3781096.409,2464367.0,11,19,2464.367,1534.3073531661475
treated_flat_steel,2015,2,2015Q2,export,2724201.047,1813470.0,12,20,1813.47,1502.2035363143584
treated_flat_steel,2015,3,2015Q3,export,2629651.313,1961390.0,13,24,1961.39,1340.708024921102
treated_flat_steel,2015,4,2015Q4,export,3216854.7150000003,2339950.0,9,19,2339.95,1374.7536122566723
treated_flat_steel,2016,1,2016Q1,export,2834137.997,1934032.0,11,20,1934.032,1465.403880080578
treated_flat_steel,2016,2,2016Q2,export,2549157.996,1764050.0,12,26,1764.05,1445.0599450128964
treated_flat_steel,2016,3,2016Q3,export,14313815.506,17483934.0,11,24,17483.934,818.6839132428662
treated_flat_steel,2016,4,2016Q4,export,16936898.641,23643250.0,16,30,23643.25,716.3523898364226
treated_flat_steel,2017,1,2017Q1,export,27605540.021,31031340.0,11,24,31031.34,889.6019321434395
treated_flat_steel,2017,2,2017Q2,export,51618470.732,65850210.0,14,33,65850.21,783.8770860715554
treated_flat_steel,2017,3,2017Q3,export,35746452.168,41833430.0,11,27,41833.43,854.4948900436804
treated_flat_steel,2017,4,2017Q4,export,22036531.241,25397220.0,12,28,25397.22,867.6749361150551
treated_flat_steel,2018,1,2018Q1,export,26369197.509,32517350.0,13,28,32517.35,810.9270130868598
treated_flat_steel,2018,2,2018Q2,export,49723680.29,59449080.0,13,30,59449.08,836.4079021912534
treated_flat_steel,2018,3,2018Q3,export,36749380.989,39853890.0,16,34,39853.89,922.1027354920686
treated_flat_steel,2018,4,2018Q4,export,41396176.741000004,51407250.0,11,26,51407.25,805.2595060229833
treated_flat_steel,2019,1,2019Q1,export,53965958.89,59045245.0,13,26,59045.245,913.9763733726568
treated_flat_steel,2019,2,2019Q2,export,72404116.894,84138910.0,16,32,84138.91,860.5307210896837
treated_flat_steel,2019,3,2019Q3,export,40450511.609,49267200.578999996,12,28,49267.200579,821.0434352594799
treated_flat_steel,2019,4,2019Q4,export,37454864.607,52388390.0,14,28,52388.39,714.945899406338
treated_flat_steel,2020,1,2020Q1,export,47230474.189,57342410.0,12,24,57342.41,823.6569441186724
treated_flat_steel,2020,2,2020Q2,export,47862189.93,60725220.0,13,25,60725.22,788.1764764293979
treated_flat_steel,2020,3,2020Q3,export,28776238.651,44833124.0,11,21,44833.124,641.8521861425494
treated_flat_steel,2020,4,2020Q4,export,23727887.196000002,33298094.0,14,30,33298.094,712.589951725165
treated_flat_steel,2021,1,2021Q1,export,30497805.781999998,33090420.0,12,25,33090.42,921.6506101161605
treated_flat_steel,2021,2,2021Q2,export,39375566.051,35897380.0,15,32,35897.38,1096.8924765818565
treated_flat_steel,2021,3,2021Q3,export,33884005.304,26397512.0,11,27,26397.512,1283.6060195369928
treated_flat_steel,2021,4,2021Q4,export,33783239.285000004,25575654.0,13,30,25575.654,1320.9139944182857
treated_flat_steel,2022,1,2022Q1,export,48976297.312,50661400.0,11,25,50661.4,966.7379368118528
treated_flat_steel,2022,2,2022Q2,export,122174283.59400001,185329511.0,16,33,185329.511,659.2273563706755
treated_flat_steel,2022,3,2022Q3,export,44122678.332,60658660.0,14,29,60658.66,727.392895457961
treated_flat_steel,2022,4,2022Q4,export,146377182.62,226145302.0,10,25,226145.302,647.2704996542444
treated_flat_steel,2023,1,2023Q1,export,77451591.398,113733644.0,12,27,113733.644,680.9910302179362
treated_flat_steel,2023,2,2023Q2,export,94070500.23300001,140680570.0,13,28,140680.57,668.6815402652975
treated_flat_steel,2023,3,2023Q3,export,58234098.359,99132280.0,13,28,99132.28,587.4383032348293
treated_flat_steel,2023,4,2023Q4,export,67963369.26099999,94730480.0,14,28,94730.48,717.4393000119919
treated_flat_steel,2024,1,2024Q1,export,82818937.808,89856220.0,13,26,89856.22,921.6828596618019
treated_flat_steel,2024,2,2024Q2,export,119524166.834,135201220.0,12,28,135201.22,884.0465110743824
treated_flat_steel,2024,3,2024Q3,export,56890844.849,78330660.0,13,28,78330.66,726.2908910636014
treated_flat_steel,2024,4,2024Q4,export,57226590.861999996,77689030.0,12,30,77689.03,736.6109586128183
treated_flat_steel,2010,1,2010Q1,import,40192480.136,37957.0,11,19,37.957,1058895.0690518217
treated_flat_steel,2010,2,2010Q2,import,69340661.10599999,62866850.0,16,44,62866.85,1102.9765465583212
treated_flat_steel,2010,3,2010Q3,import,17090054.372,16161.489999999998,8,13,16.161489999999997,1057455.3690284747
treated_flat_steel,2010,4,2010Q4,import,10881290.35,7955.581,4,8,7.9555810000000005,1367755.5856699843
treated_flat_steel,2011,1,2011Q1,import,154701025.60999998,139199250.0,16,45,139199.25,1111.3639305527865
treated_flat_steel,2011,2,2011Q2,import,139329489.63300002,110416896.0,16,44,110416.896,1261.8493607445732
treated_flat_steel,2011,3,2011Q3,import,161807626.084,131246905.0,16,45,131246.905,1232.8490800144964
treated_flat_steel,2011,4,2011Q4,import,154933482.551,127784131.0,16,46,127784.131,1212.4626222249772
treated_flat_steel,2012,1,2012Q1,import,169257319.5,149379311.0,15,43,149379.311,1133.070693437594
treated_flat_steel,2012,2,2012Q2,import,132653639.588,120337696.0,15,44,120337.696,1102.3448511761435
treated_flat_steel,2012,3,2012Q3,import,147645502.49,130032657.0,17,47,130032.657,1135.4494009147256
treated_flat_steel,2012,4,2012Q4,import,163697642.498,159758433.0,16,44,159758.433,1024.6572867799723
treated_flat_steel,2013,1,2013Q1,import,104153791.52,90690347.0,16,46,90690.347,1148.4550998575405
treated_flat_steel,2013,2,2013Q2,import,100299753.595,88010900.0,15,44,88010.9,1139.6287686525193
treated_flat_steel,2013,3,2013Q3,import,120930810.75299999,110028526.0,15,45,110028.526,1099.0859838747635
treated_flat_steel,2013,4,2013Q4,import,95472021.446,85828967.0,16,45,85828.967,1112.3519807246425
treated_flat_steel,2014,1,2014Q1,import,117920404.741,113176701.0,15,45,113176.701,1041.9141369123315
treated_flat_steel,2014,2,2014Q2,import,113000453.142,103767546.0,16,47,103767.546,1088.9768284777592
treated_flat_steel,2014,3,2014Q3,import,109877008.831,101940373.0,15,43,101940.373,1077.855667950126
treated_flat_steel,2014,4,2014Q4,import,109172304.199,111724985.0,16,44,111724.985,977.1521043301102
treated_flat_steel,2015,1,2015Q1,import,103096667.041,106344612.0,16,45,106344.612,969.4583026077522
treated_flat_steel,2015,2,2015Q2,import,93023158.56199999,96102133.0,15,43,96102.133,967.9614349662769
treated_flat_steel,2015,3,2015Q3,import,87685098.127,98644452.0,16,46,98644.452,888.9004535906388
treated_flat_steel,2015,4,2015Q4,import,86792998.415,103905275.0,16,46,103905.275,835.3088754637338
treated_flat_steel,2016,1,2016Q1,import,84280051.704,107973321.0,16,42,107973.321,780.5636700199302
treated_flat_steel,2016,2,2016Q2,import,66840413.99,78939086.0,15,45,78939.086,846.7340753096636
treated_flat_steel,2016,3,2016Q3,import,75845084.814,84704931.0,16,46,84704.931,895.4034188871484
treated_flat_steel,2016,4,2016Q4,import,79188293.332,92941190.0,16,45,92941.19,852.0258168848494
treated_flat_steel,2017,1,2017Q1,import,51526173.894,52033070.0,14,42,52033.07,990.2581933758665
treated_flat_steel,2017,2,2017Q2,import,48458723.104,45385970.0,15,45,45385.97,1067.7027086564417
treated_flat_steel,2017,3,2017Q3,import,55461110.938,48339290.0,14,41,48339.29,1147.3298622714567
treated_flat_steel,2017,4,2017Q4,import,45463300.054,42209190.0,16,45,42209.19,1077.0948235206597
treated_flat_steel,2018,1,2018Q1,import,45969039.078,42246480.0,15,43,42246.48,1088.1152483709884
treated_flat_steel,2018,2,2018Q2,import,42826574.821,37680050.0,14,41,37680.05,1136.5848723926852
treated_flat_steel,2018,3,2018Q3,import,44546995.932,38685920.0,14,40,38685.92,1151.504111366616
treated_flat_steel,2018,4,2018Q4,import,38883623.245000005,33962080.0,13,36,33962.08,1144.9128924082388
treated_flat_steel,2019,1,2019Q1,import,42580466.252,38249650.0,12,34,38249.65,1113.2249903463169
treated_flat_steel,2019,2,2019Q2,import,35981471.826,31890613.0,12,34,31890.613,1128.2778360516304
treated_flat_steel,2019,3,2019Q3,import,32227324.823,29044635.0,13,34,29044.635,1109.5792673242408
treated_flat_steel,2019,4,2019Q4,import,34891694.319,32132927.0,13,35,32132.927,1085.854840394714
treated_flat_steel,2020,1,2020Q1,import,29531042.399,30310347.0,11,32,30310.347,974.2891560759763
treated_flat_steel,2020,2,2020Q2,import,31951631.537,30740762.0,11,33,30740.762,1039.3897046859151
treated_flat_steel,2020,3,2020Q3,import,35726740.083,35301966.0,12,33,35301.966,1012.0325899979621
treated_flat_steel,2020,4,2020Q4,import,33932655.04,32734317.0,12,35,32734.317,1036.6080049875486
treated_flat_steel,2021,1,2021Q1,import,84687479.249,82625974.0,16,41,82625.974,1024.949845057197
treated_flat_steel,2021,2,2021Q2,import,68780558.646,57904196.0,14,37,57904.196,1187.8337563999678
treated_flat_steel,2021,3,2021Q3,import,100315931.89,74866642.0,14,37,74866.642,1339.928293965689
treated_flat_steel,2021,4,2021Q4,import,178229913.366,113051169.0,13,36,113051.169,1576.5419760144189
treated_flat_steel,2022,1,2022Q1,import,215538143.28,139837825.0,13,37,139837.825,1541.3436477576793
treated_flat_steel,2022,2,2022Q2,import,198285676.218,129833615.0,14,38,129833.615,1527.2291094875545
treated_flat_steel,2022,3,2022Q3,import,189997347.769,127375009.0,14,40,127375.009,1491.6375610933223
treated_flat_steel,2022,4,2022Q4,import,165640725.785,121338817.0,14,41,121338.817,1365.1091207276233
treated_flat_steel,2023,1,2023Q1,import,102412279.34,83132729.0,14,40,83132.729,1231.9128768165424
treated_flat_steel,2023,2,2023Q2,import,83045591.381,68750364.0,15,39,68750.364,1207.9294791951938
treated_flat_steel,2023,3,2023Q3,import,119142471.177,104245375.0,15,44,104245.375,1142.904144927293
treated_flat_steel,2023,4,2023Q4,import,107612152.767,98099615.0,13,39,98099.615,1096.9681457669328
treated_flat_steel,2024,1,2024Q1,import,97573789.043,92600524.0,15,38,92600.524,1053.7066619946988
treated_flat_steel,2024,2,2024Q2,import,82188220.803,75042509.0,14,41,75042.509,1095.2221867075366
treated_flat_steel,2024,3,2024Q3,import,100306522.243,91552790.0,14,39,91552.79,1095.6140412869997
treated_flat_steel,2024,4,2024Q4,import,95153498.81,90097914.0,14,40,90097.914,1056.1121183116404
